Full Name,Date of Birth,Salary,Gender,Designation
Ezequiel Symon,1995-04-05,364744.34,Agender,Accountant IV
Rene Gocher,1997-07-25,126438.02,Female,Programmer IV
Jeno Breslane,2011-09-20,825834.51,Female,Librarian
Tiffani Rentoll,2003-10-25,5926.85,Female,Office Assistant III
Nana Salliss,1991-03-30,6030.49,Female,Research Associate
Ladonna Pottinger,1996-02-03,352690.26,Male,Teacher
Kamilah Burnham,2006-07-27,523087.24,Male,General Manager
Ignatius Baress,2000-03-21,315214.9,Male,Research Assistant III
Aldis Bareham,2014-07-02,11538.85,Female,VP Accounting
Petunia Skully,2013-01-25,95520.67,Male,Media Manager IV
Marcelo Parriss,2014-03-13,903322.25,Female,Assistant Professor
Ardith Wrightham,1998-04-30,64524.19,Male,Business Systems Development Analyst
Justen Leney,2017-07-11,375610.83,Male,Business Systems Development Analyst
Avigdor Flannery,1995-11-14,206123.95,Female,Pharmacist
Janith Smowton,2001-08-01,328354.26,Male,Research Assistant III
Eugenio Hammand,2006-02-17,498250.05,Female,VP Accounting
Aurie Docker,2004-02-14,714358.23,Male,Speech Pathologist
Tait Ramberg,1996-12-09,698512.72,Female,Desktop Support Technician
Belia Hitzmann,2006-01-17,448851.22,Genderfluid,Research Nurse
Liliane Beacon,2020-08-04,889140.04,Female,Actuary
Torey Stedmond,1998-11-16,702994.66,Female,Analyst Programmer
Raychel Yegorev,2004-12-21,954254.9,Female,Recruiting Manager
Artemas Besant,2006-07-18,314507.29,Female,Statistician IV
Den Feyer,2007-01-13,747178.02,Genderqueer,Associate Professor
Saleem Cahani,1991-07-18,375014.11,Female,Graphic Designer
Diana Barclay,1998-09-24,532593.8,Female,General Manager
Nollie Junkinson,1997-05-12,926475.47,Non-binary,Software Consultant
Almeda Landor,2001-02-17,627373.27,Male,Social Worker
Marci Wiffield,2004-05-02,673954.56,Female,Biostatistician III
Nonah Goburn,1990-06-26,551877.83,Female,Help Desk Operator
Wandie Sewall,1998-03-22,16746.27,Male,Business Systems Development Analyst
Corrine Curwen,2017-03-12,90584.23,Female,Physical Therapy Assistant
Menard Verbeke,1990-12-13,812632.61,Genderqueer,Software Engineer I
Alysia Bernaldo,2001-05-27,801287.16,Female,Dental Hygienist
Roseanne Frensche,2011-12-04,708241.74,Female,Human Resources Assistant I
Willy MacCaughen,1998-08-22,92388.82,Female,Account Coordinator
Cherry Scirman,1996-03-06,691520.57,Male,Editor
Kim Guile,2000-07-11,778378.38,Agender,Biostatistician IV
Georgianna McAnalley,2009-08-02,566437.65,Non-binary,Assistant Media Planner
Kim Ragbourne,2005-11-20,267875.73,Female,Staff Scientist
Roman Moylan,2008-03-30,403991.11,Genderqueer,Senior Sales Associate
Filia Skedge,1993-12-06,929590.93,Female,Senior Developer
Nannie Northley,2000-05-24,987494.59,Male,Compensation Analyst
Antoni Brasted,2003-12-26,954869.56,Non-binary,Internal Auditor
Arnold Kilgallon,2007-03-11,861798.63,Male,Nurse Practicioner
Karney Galbreth,2012-08-09,252674.22,Male,Graphic Designer
Harald Chaudrelle,2018-08-29,773561.54,Female,Desktop Support Technician
Shayna Kench,2010-06-13,505779.03,Male,Desktop Support Technician
Charisse Anersen,2010-05-15,281612.91,Female,Programmer I
Codie Dudson,2004-03-04,652948.63,Male,Financial Analyst
Adham Doblin,2005-06-26,383111.02,Male,Research Assistant III
Cordy Jantot,2009-01-04,919723.69,Female,Nurse Practicioner
Collin FitzGeorge,2021-01-06,178173.31,Male,Senior Sales Associate
Tabina Worsnup,1994-08-24,519621.0,Female,Systems Administrator II
Ewart Powney,2013-04-24,482643.55,Male,Recruiter
Mallory Tailby,2005-11-25,153080.35,Male,Help Desk Technician
Gweneth Hansell,1991-03-08,622834.86,Female,Project Manager
Keen Rockall,2020-09-25,342160.14,Female,Software Test Engineer III
Katheryn Stampe,1994-07-16,178858.07,Female,Software Engineer III
Wadsworth Geraldo,2016-07-07,985035.35,Male,Speech Pathologist
Nelle Aliman,2012-01-28,333088.0,Male,Product Engineer
Mycah Cuttell,2001-10-09,754801.56,Male,Web Designer I
Inessa Gloucester,1994-01-12,417770.03,Male,Sales Associate
Vasili Durnin,1994-01-05,34056.5,Male,Web Developer I
Tonie Hanne,2010-12-06,312084.2,Male,Accounting Assistant IV
Trevar Nangle,2007-08-04,683345.82,Male,Speech Pathologist
Danie Tosspell,2007-06-08,107655.77,Female,Media Manager IV
Phillipe Rekes,1992-05-25,352049.18,Male,Human Resources Manager
Gardie Taffee,2005-08-05,317269.59,Female,Clinical Specialist
Julina Pike,2016-12-13,408306.73,Male,Business Systems Development Analyst
Laurette Wardlaw,2018-07-01,674012.36,Genderqueer,Financial Analyst
Kerianne Dobrowski,2021-01-23,427826.89,Female,Nuclear Power Engineer
Lyndsie Sabater,2006-10-11,495790.65,Female,Administrative Officer
Luther Brammar,1994-01-13,783104.42,Non-binary,Office Assistant I
Hendrik Theobald,1992-09-17,239524.41,Female,Research Nurse
Deeyn Brazer,1992-04-13,511672.15,Female,Systems Administrator III
Bjorn Pigny,1991-07-06,22833.56,Female,Assistant Professor
Iosep Furmonger,2007-01-26,66717.36,Female,Professor
Hugibert Dymidowicz,2005-09-29,476017.54,Male,Account Coordinator
Tonya Sallinger,1994-02-07,801108.36,Male,Legal Assistant
Caitlin Fant,2016-12-15,36825.0,Male,Senior Sales Associate
Candie Hulson,2021-10-26,598395.45,Male,Programmer IV
George Bartholin,2008-08-25,87576.46,Female,Tax Accountant
Vonni Trounce,1991-05-25,129105.73,Male,Administrative Officer
Kali Densie,2006-07-12,83174.3,Genderqueer,Data Coordiator
Federico Tween,2004-10-11,956754.25,Male,VP Marketing
Patton Lippiello,2014-06-06,166675.17,Female,Paralegal
Concordia Red,2021-05-13,714806.34,Male,Analog Circuit Design manager
Hazlett Pellew,2016-11-09,284697.09,Female,Software Test Engineer II
Carleton Jelleman,2005-09-06,919200.75,Male,Dental Hygienist
Lane Piwell,2019-12-27,250420.55,Female,Nurse Practicioner
Kristopher Dorot,2006-07-14,165973.07,Female,Web Developer II
Zsazsa Welldrake,1997-11-26,901791.47,Female,Chief Design Engineer
Constancia Bengal,2020-01-21,77111.73,Non-binary,Software Engineer I
Temple Fibben,1997-03-11,542772.49,Non-binary,Help Desk Operator
Graehme Kave,2004-02-23,393398.13,Female,Help Desk Technician
Cornela Badrick,1990-04-20,928373.88,Non-binary,Programmer IV
Ann Grayne,2011-08-24,596590.0,Male,Community Outreach Specialist
Trevor Antognetti,2011-08-23,564956.0,Female,Director of Sales
Nana Crayden,2014-02-10,525213.69,Female,Mechanical Systems Engineer
Marcile Aulsford,2004-06-19,232512.89,Male,Research Associate
Linette Pratte,2017-06-13,769840.95,Male,Programmer III
Denis Vittel,1999-09-16,612199.0,Female,Recruiting Manager
Pattin Gravet,1997-03-01,377788.29,Male,Physical Therapy Assistant
Britta Jelks,1997-11-29,166440.78,Male,Nurse Practicioner
Gianina Everit,2009-10-13,646966.69,Male,Nurse
Eadith Demchen,2010-03-05,879789.23,Female,Staff Scientist
Tamera Chaplain,2008-09-08,458717.9,Male,Human Resources Manager
Vanessa Kissack,1991-06-17,205010.84,Female,Civil Engineer
Tudor Binden,2019-05-30,679303.35,Female,Marketing Manager
Loleta Grasner,2012-11-14,377576.4,Female,Project Manager
Mikol Pude,2004-12-06,688742.77,Bigender,Developer IV
Quintana Emms,1995-01-26,312716.18,Female,Graphic Designer
Findley Tourot,1994-10-21,755444.46,Female,Community Outreach Specialist
Shirlee Farnin,2021-12-03,772883.84,Female,Legal Assistant
Deni Cockling,2003-04-22,676885.14,Female,Junior Executive
Ritchie Kitchingman,1991-07-27,587805.96,Male,Marketing Assistant
Brana Fantone,2004-06-21,522079.9,Male,Occupational Therapist
Hillyer Gorman,1996-12-15,965300.04,Female,Programmer Analyst IV
Agnella Salvador,1998-04-23,163400.89,Male,Quality Engineer
Candice Patesel,1993-05-10,314058.41,Male,Engineer II
Ariela Longmuir,2019-11-27,462099.76,Male,Systems Administrator I
Sarge Antosik,2021-10-15,274236.89,Female,Marketing Manager
Farlee Casajuana,2001-01-01,105634.37,Male,Staff Accountant III
Crin Bartosek,2019-11-23,273887.16,Female,Budget/Accounting Analyst IV
Win Bridgens,2018-03-13,999329.0,Female,Occupational Therapist
Allyson Spinnace,2010-09-29,359953.04,Male,General Manager
Ingrid Kither,1997-01-29,959199.3,Male,Tax Accountant
Kordula Freddi,2003-05-07,996008.43,Male,Dental Hygienist
Odilia Mardall,2000-10-13,354491.85,Female,Electrical Engineer
Pandora Southall,2002-05-19,907.95,Male,Occupational Therapist
Silvie Cammiemile,1995-06-28,276586.19,Male,Media Manager IV
Wilmer Pinare,2010-01-28,663688.65,Female,Chemical Engineer
Nelie Halifax,2014-05-05,496482.89,Male,Data Coordiator
Germayne Cota,2004-08-11,101836.2,Female,Payment Adjustment Coordinator
Myrta Baignard,1998-06-10,403653.7,Female,Analog Circuit Design manager
Antonio Toupe,2006-04-23,597502.81,Female,Data Coordiator
Lon Hanton,2020-08-23,592085.37,Female,Dental Hygienist
Alejandro Tiller,2005-07-08,408.38,Female,Geologist I
Averil Werlock,2000-04-06,467423.38,Female,Social Worker
Cate Strand,1992-11-19,773827.93,Male,Junior Executive
Adelheid Hamlett,1994-04-13,212807.73,Female,Account Representative I
Kare Doctor,2012-04-27,69902.66,Female,Information Systems Manager
Micki Manclark,2013-06-12,967337.63,Female,Senior Sales Associate
Colet Jankowski,2010-03-15,873489.62,Female,Project Manager
Rubin Gascard,1999-06-14,992303.52,Female,VP Accounting
Jakie Dorgan,2006-12-24,860703.91,Male,Product Engineer
Monroe Abramovici,2011-03-14,752830.53,Female,Desktop Support Technician
Selle Padden,2006-06-25,111759.97,Male,Senior Sales Associate
Anna-diana Greenshiels,2002-10-11,757151.41,Male,Clinical Specialist
Alysa Beiderbeck,2000-04-12,770997.25,Female,Nuclear Power Engineer
Zara Calbrathe,2002-10-21,695608.47,Female,Accounting Assistant II
Robinett Stronach,2000-08-11,78903.2,Male,Tax Accountant
Taffy Vicioso,1994-11-24,204510.01,Female,Occupational Therapist
Maribeth Vondrak,2019-06-06,367090.44,Female,Structural Analysis Engineer
Ivory Longmead,2005-10-21,885905.51,Male,Community Outreach Specialist
Ulrick Coltart,2017-11-03,746453.84,Male,GIS Technical Architect
Bendite Ronci,1992-04-05,829007.95,Female,Statistician II
Mario Farrell,1990-09-01,935844.08,Male,Assistant Professor
Harcourt Tarply,2015-10-07,632311.72,Male,Technical Writer
Tonya Mansion,1996-06-09,560307.72,Female,Assistant Media Planner
Caritta Blincow,2015-05-02,791810.75,Female,Systems Administrator II
Ashely Henzer,1993-12-30,375289.72,Female,Office Assistant IV
Lenard Barday,1999-06-05,213875.26,Male,Senior Financial Analyst
Fremont McGawn,2007-03-19,528837.63,Male,Accounting Assistant III
Flora Tutsell,2006-12-16,133664.8,Male,Accounting Assistant II
Verina Anthony,1996-01-21,167658.82,Female,Internal Auditor
Babs Liddiard,1993-04-10,394372.37,Male,Paralegal
Traver Issacoff,2002-01-14,701062.28,Female,Administrative Officer
Orelle Nulty,2002-08-24,598847.93,Male,Senior Editor
Eustacia Sybry,1996-11-20,940642.14,Male,Editor
Fritz Ibanez,1990-07-04,602012.74,Female,Teacher
Norri Towe,1994-07-08,276416.85,Female,Statistician I
Gearard Klawi,2021-11-21,63862.76,Female,Marketing Manager
Casper Berthomieu,1996-12-11,564700.08,Male,Social Worker
Codie Valencia,1994-02-02,857647.22,Female,Occupational Therapist
Ynez Hek,2000-05-08,188311.68,Female,Technical Writer
Brandy Penning,1993-09-01,261851.65,Male,Associate Professor
Francois Edlestone,2011-10-29,545871.59,Female,Physical Therapy Assistant
Shaylyn Jellybrand,1994-05-21,338990.95,Female,Assistant Media Planner
Gilemette Kime,1997-05-10,737562.72,Male,Actuary
Rani Clayborn,1993-09-26,772799.2,Male,Staff Accountant III
Curry Strasse,2012-03-04,923688.31,Male,Health Coach II
Tobye Silverthorne,2013-12-02,555598.27,Male,Help Desk Operator
Babbette Roly,2006-01-04,165046.74,Female,Structural Analysis Engineer
Hayward Ulyatt,2003-12-20,151057.72,Male,Sales Associate
Beverly Gambrell,2013-07-24,955662.22,Female,Social Worker
Lancelot Bolland,2003-06-29,349360.65,Male,Physical Therapy Assistant
Raddy Kleisle,2008-12-05,347034.51,Female,Associate Professor
Reinaldo Goacher,2016-09-08,770593.28,Female,VP Quality Control
Fran Custed,1996-04-15,166850.24,Male,Legal Assistant
Milzie Dabernott,2000-01-30,312538.38,Male,Help Desk Operator
Eloise Edwinson,2004-09-02,683244.1,Male,Office Assistant I
Letti Lock,1995-09-23,973644.17,Female,Automation Specialist IV
Andreana Windous,2012-08-04,851597.78,Female,GIS Technical Architect
Fredek Lattey,2017-01-06,28623.66,Male,Account Executive
Franciska Nelligan,2010-10-17,426853.84,Female,Administrative Officer
Ruby Warcop,1994-02-25,905768.21,Male,Senior Sales Associate
Myranda Le Ball,2019-06-21,72110.9,Male,Electrical Engineer
Kania Burgoin,2002-10-07,733465.35,Bigender,Electrical Engineer
Quinlan Cordelle,1990-12-12,650935.32,Female,Chemical Engineer
Lucine Evers,2004-02-16,115940.4,Polygender,Environmental Specialist
Ame Speares,1993-09-09,416050.06,Male,Programmer IV
Flint Raynham,2018-03-05,998590.51,Male,Sales Associate
Baryram Manklow,2016-12-31,836634.95,Non-binary,Business Systems Development Analyst
Harbert Primarolo,2000-07-20,351467.01,Male,Staff Scientist
Addie Convery,1991-08-12,777724.79,Male,Quality Control Specialist
Karisa Hadenton,2016-04-19,962782.83,Female,Help Desk Operator
Tabatha Maxwell,2011-01-24,113659.86,Female,Quality Control Specialist
Donovan Colnet,1998-06-24,938325.01,Male,Structural Engineer
Joshuah Patifield,2007-07-17,15177.06,Non-binary,Staff Accountant IV
Susanne Pulsford,2018-10-03,805522.0,Female,Nurse
Constantia Rowberry,1995-06-25,368692.27,Male,Geological Engineer
Mufinella Gowthrop,2017-08-13,175315.39,Genderfluid,Geological Engineer
Angus Bennell,2001-09-18,487652.78,Agender,Design Engineer
Tarra Letchford,1995-12-24,999084.01,Female,Executive Secretary
Mill Thorogood,2018-10-31,161081.25,Female,Budget/Accounting Analyst I
Alyssa Comfort,2013-11-07,611.91,Agender,Systems Administrator I
Vale Jirusek,1991-05-20,733858.43,Male,Payment Adjustment Coordinator
Tammy Mulqueeny,2015-03-11,479355.17,Male,Marketing Assistant
Cahra Bunclark,1992-07-21,281767.31,Agender,Sales Associate
Nettie Patridge,2012-08-16,720594.53,Male,Graphic Designer
Mag Stathor,2008-02-04,388844.19,Female,Nurse Practicioner
Gerome Salandino,2003-07-28,940111.54,Male,Assistant Professor
Darla Rubinlicht,2021-03-04,110890.62,Male,Senior Financial Analyst
Ardeen Levins,2020-01-27,906299.55,Male,Help Desk Operator
Doralyn Gadsdon,1990-12-22,56306.75,Female,Media Manager IV
Daniele Marle,1995-10-07,39780.31,Female,Analyst Programmer
Emelda Staddon,2008-10-01,515291.9,Female,Assistant Media Planner
Suzanna Osbourn,2021-04-24,45739.84,Female,Research Associate
Swen Blomfield,1992-08-29,810448.32,Male,Sales Associate
Margret Minguet,1991-07-10,951843.8,Male,Human Resources Assistant I
Marcela Cordes,2009-11-18,20513.16,Male,Senior Cost Accountant
Diego Jenkerson,2005-09-11,627216.51,Male,Actuary
Artur Alfonsini,2005-09-12,423044.8,Male,VP Product Management
Mora Talboy,2011-04-09,59574.18,Male,Quality Engineer
Anne Wardlaw,2013-03-02,566997.45,Male,Software Consultant
Oliviero Charley,2001-10-30,467286.21,Female,VP Accounting
Ruth Maitland,2010-05-31,69593.88,Male,Software Consultant
Hailee Brumbie,1997-02-19,191145.63,Male,Administrative Assistant I
Yankee Harradine,2020-01-19,760034.42,Non-binary,Senior Developer
Kyle Farrant,2003-09-02,658295.0,Female,Analog Circuit Design manager
Jessy Sweatman,2008-05-08,744209.98,Female,Web Designer IV
Claude O'Dowgaine,2014-11-13,497540.71,Male,Account Executive
Orelie Howels,2015-06-28,807258.68,Female,Research Nurse
Kati Greeding,2008-09-18,741984.6,Male,Quality Control Specialist
Cyndie Duckham,2016-10-15,517559.33,Female,Accounting Assistant II
Kirk Biasetti,1991-11-23,458776.49,Male,Payment Adjustment Coordinator
Kain Lafayette,2006-01-26,859931.27,Non-binary,Environmental Specialist
Florella Goodbanne,2012-02-09,776559.99,Female,VP Marketing
Lovell Clutten,2018-12-15,649741.38,Female,Developer II
Hermina Friday,1991-05-26,400325.7,Male,Analog Circuit Design manager
Hayes Kliche,2021-01-25,836911.73,Female,General Manager
Wang Lochrie,2011-05-20,177412.34,Female,Speech Pathologist
Carter Jaggs,2004-02-16,272136.67,Male,Automation Specialist III
Barbie Atcock,1994-07-19,802243.3,Female,Marketing Assistant
Goraud Dallewater,1990-12-28,294013.63,Female,Project Manager
Clyve Bridgman,1993-10-10,934902.95,Female,Quality Control Specialist
Yard Goare,2010-04-04,831668.43,Female,Associate Professor
Athena Pocknoll,2012-04-20,134848.55,Female,Sales Associate
Bar Simoni,1999-02-13,271765.73,Female,Staff Scientist
Emelita Cornau,1996-11-23,333754.19,Male,Assistant Media Planner
Terrance Raymond,2014-11-08,359544.25,Male,Web Developer III
Edd Carson,2019-09-03,948906.78,Male,Help Desk Operator
Lindsy Schuricht,2020-08-23,220445.89,Male,Marketing Assistant
Bartlet Riep,1999-09-21,17320.03,Male,Information Systems Manager
Sadye Swindells,1998-03-14,696368.39,Female,Staff Accountant I
Nixie Hassall,2009-10-19,339393.21,Male,Teacher
Sybil Earland,2021-06-12,882656.65,Female,Speech Pathologist
Ysabel Davidek,2017-04-03,583594.47,Female,Environmental Specialist
Catherine Theurer,2008-03-08,923615.38,Male,Dental Hygienist
Val Gooders,1992-12-02,25798.29,Female,Operator
Valry Ropartz,1990-08-03,743005.5,Female,Senior Developer
Anders Earngy,1995-04-05,462342.26,Male,Quality Control Specialist
Claudia Tilson,2007-02-19,50204.85,Male,Administrative Officer
Artus Wicks,2021-06-04,906281.0,Male,Financial Analyst
Tess Shingles,1996-12-15,228616.32,Male,Marketing Manager
Maridel Albrooke,2020-06-04,926694.62,Agender,VP Marketing
Alethea Benettolo,2015-04-01,629123.53,Male,Product Engineer
Rubin Johns,1999-07-10,679633.0,Male,Software Engineer III
Romain Oldroyde,2005-08-25,178307.94,Male,Legal Assistant
Thorny Toyne,2001-11-09,423398.34,Male,Research Associate
Sheila-kathryn Teodoro,2019-02-28,8634.25,Female,Community Outreach Specialist
Katy Sausman,2001-01-19,388030.61,Female,Help Desk Operator
Cletis Rouby,1993-05-16,385584.61,Female,VP Quality Control
Caria Elmer,1993-06-23,34860.62,Female,Payment Adjustment Coordinator
Sherie Shilleto,2015-09-20,19912.05,Agender,Health Coach II
Wolfy Odby,1990-08-06,998504.15,Female,Engineer I
Waylan Brunner,2003-11-14,838030.0,Female,Programmer IV
Bibbye Quaintance,2019-06-10,318079.2,Genderfluid,Human Resources Manager
Deni Tetlow,2014-12-26,883961.0,Male,Automation Specialist I
Rahal Kevern,2004-03-17,255291.75,Male,Software Test Engineer I
Rossie Dottrell,1993-08-27,734952.59,Male,Biostatistician I
Marijn Swithenby,1992-06-13,619367.24,Male,Dental Hygienist
Kittie Lothlorien,2009-04-17,430392.41,Female,Engineer IV
Kaia Chason,1997-01-06,80896.22,Female,Executive Secretary
Chiquita Kording,2015-03-27,459545.19,Male,Research Nurse
Dalis Yurkov,2019-02-07,971.52,Female,Computer Systems Analyst IV
Idaline Coundley,2015-06-21,230125.4,Male,Web Designer III
Ransom Grinyov,2004-09-05,34408.35,Male,Electrical Engineer
Gertie Andriessen,2020-08-07,318004.78,Non-binary,Pharmacist
Ilysa Rodell,2005-10-06,897273.4,Female,Data Coordiator
Darwin Moy,2019-06-09,861843.28,Male,Technical Writer
Brook Snalham,2013-09-29,213595.35,Female,Web Developer IV
Em Fonquernie,2009-09-12,116150.44,Female,Developer II
Cameron Aloshikin,2015-01-07,253932.96,Female,Dental Hygienist
Phyllis Cromarty,2018-04-28,433577.3,Female,Senior Developer
Dewey McRitchie,1991-10-30,453562.62,Female,Help Desk Operator
Hartwell Buckhurst,2012-02-07,407502.67,Male,VP Accounting
Everard Dacey,2022-01-19,350456.78,Female,Senior Cost Accountant
Hannie Arnke,1999-01-23,630199.87,Bigender,Engineer II
Lauretta Zelner,2006-07-02,60755.4,Female,Senior Editor
Gamaliel Wooffinden,2008-10-22,424307.5,Male,Web Designer IV
Tomlin Baudon,1998-01-31,440197.0,Female,Product Engineer
Franciskus Broadwell,1998-08-08,262303.47,Male,Community Outreach Specialist
Patricio Dilston,2012-11-18,938538.52,Male,Legal Assistant
Tori Thackston,1994-06-02,623193.71,Female,Analyst Programmer
Luigi Jerosch,2003-04-12,798909.0,Polygender,Help Desk Technician
Lauren MacCall,2011-06-01,247188.57,Genderqueer,Software Consultant
Jacinda Beviss,2017-08-02,516352.88,Female,Senior Editor
Tobye Vamplus,2003-06-30,706487.89,Female,Engineer I
Myles Bruno,1996-03-13,736015.23,Female,Mechanical Systems Engineer
Addi Cheves,2009-08-03,67574.47,Male,VP Product Management
Bron Southan,2020-07-04,725231.34,Male,Programmer II
Max Lidgate,1992-08-19,683187.39,Male,Paralegal
Ophelia Paolini,2009-10-07,139692.93,Male,Senior Cost Accountant
Nichols Manuely,2017-11-02,747075.53,Male,Quality Control Specialist
Aila Tatford,2009-10-19,797433.03,Male,Environmental Tech
Flossie Stathor,2008-01-06,446578.9,Male,Desktop Support Technician
Esra Shurey,2014-03-13,204656.67,Male,Recruiter
Sherlock Shackel,1996-11-28,576301.24,Female,Office Assistant III
Charmain Silmon,1994-12-15,154142.89,Female,Desktop Support Technician
Bone McCluskey,2010-02-25,288879.52,Male,Analog Circuit Design manager
Cynde Caird,2021-07-07,787891.68,Male,Clinical Specialist
Myles Santello,2019-02-16,218511.39,Female,Financial Advisor
Ive Gratton,1998-11-26,579289.16,Female,Programmer I
Ryun Huckell,2016-11-15,977248.37,Female,Senior Editor
Doralin Lissimore,2012-11-27,858074.0,Female,VP Quality Control
Zia Kiloh,2008-08-13,498858.16,Male,Assistant Professor
Donica Clegg,2003-12-23,554295.85,Female,Associate Professor
Cyrus Lazarus,2004-07-02,722042.0,Male,Director of Sales
Randy Staynes,2001-04-24,683606.68,Male,Paralegal
Nell Govey,1994-08-29,360685.0,Female,Speech Pathologist
Rutter Twelftree,2021-04-28,200597.63,Female,Research Associate
Noble Barrett,2015-08-12,803396.9,Female,VP Quality Control
Sergeant Dwerryhouse,2017-12-26,570932.04,Female,Senior Developer
Wade Few,1998-03-28,283826.48,Male,Safety Technician IV
Kellsie Atyeo,2011-09-29,985255.24,Female,Research Nurse
Doretta Demongeot,2014-06-20,300819.45,Female,Financial Analyst
Allix McFall,2006-11-08,675657.26,Female,Operator
Teodoro Caddock,1990-10-02,486881.0,Male,Senior Cost Accountant
Nessy Whitehead,2000-02-18,817685.85,Non-binary,Quality Control Specialist
Fiann Sibyllina,1998-04-22,586626.7,Genderfluid,Staff Accountant IV
Sanders Weaben,2015-11-17,719739.63,Male,Junior Executive
Philippine Dockwra,2012-02-13,952947.44,Male,Civil Engineer
Valentina Di Batista,2018-12-18,71270.01,Male,Human Resources Manager
Robinet Wittier,2005-03-26,692640.87,Female,Electrical Engineer
Barry O'Noulane,2001-05-19,732305.21,Female,Web Designer IV
Michele Sanham,2019-05-18,173973.64,Female,Associate Professor
Petronilla Lamb,2013-11-17,935217.94,Male,Physical Therapy Assistant
Esmaria Polglase,2013-01-20,725940.87,Male,Technical Writer
Olivier Bauduin,2005-09-13,129615.21,Male,Director of Sales
Berget Clem,2007-05-17,569717.71,Male,Biostatistician III
Junette Boughton,2018-05-24,971915.2,Male,Nuclear Power Engineer
Raeann MacLleese,2014-12-20,741859.87,Female,Legal Assistant
Caralie Slinger,2003-01-30,790004.51,Male,Data Coordiator
Mac Gaskal,2002-04-05,292321.11,Female,VP Quality Control
Burton McRuvie,1998-05-28,74186.82,Female,Payment Adjustment Coordinator
Nickey Bugbird,2014-09-24,913929.38,Agender,Actuary
Ken Hellwig,2001-09-23,493010.41,Female,Operator
Mireille Fincken,2001-06-21,654660.23,Female,Senior Editor
Dasya Kinavan,1999-01-26,24082.62,Male,Marketing Assistant
Yolanthe Duplain,1999-03-12,656180.0,Non-binary,Nuclear Power Engineer
Nickolas Sidle,2015-12-02,387717.56,Male,Editor
Laney Blackwood,2016-06-21,148030.62,Female,Account Coordinator
Selene Buttwell,1997-01-24,798836.51,Female,Analog Circuit Design manager
Ignace Perillo,2010-09-13,847915.61,Female,Account Representative I
Jefferson Farlham,1997-10-15,273151.77,Female,Analyst Programmer
Anabelle Perle,1997-10-14,755732.55,Female,Assistant Manager
Carmella Egre,1998-09-18,179668.05,Female,Junior Executive
Walden Aldritt,1998-04-08,680397.69,Bigender,Software Engineer I
Sherill Anderer,2011-07-06,974816.69,Female,Structural Engineer
Ermentrude Dwire,2019-02-05,741270.95,Female,Geological Engineer
Ediva Musgrove,1991-05-06,293599.38,Male,Physical Therapy Assistant
Aidan Landsborough,2000-02-02,179174.94,Female,Associate Professor
Christalle Venny,2005-10-20,497323.7,Female,Safety Technician I
Waring Clements,1998-09-28,249342.11,Genderqueer,Web Developer IV
Imojean Forrest,2002-06-13,259994.18,Female,Help Desk Technician
Pet Maddams,2006-01-06,222133.43,Female,Safety Technician I
Jordain Mainland,2015-02-15,537165.21,Female,Research Associate
Fairlie Simenot,2007-08-17,612644.3,Female,Media Manager II
Hedda Perkin,2000-12-15,684947.9,Female,Executive Secretary
Grayce Oliver-Paull,2018-10-31,409114.02,Female,Associate Professor
Faith Gerardeaux,2008-01-07,712024.21,Male,Account Coordinator
Devina Demougeot,2019-11-27,6965.91,Genderqueer,Systems Administrator I
Dyna Joinson,1993-10-27,522995.96,Female,Data Coordiator
Fabian Brosio,2000-12-23,366571.94,Female,Cost Accountant
Cahra Durtnel,2003-06-02,131870.66,Female,Marketing Manager
Rebekkah Philo,2011-05-16,768661.31,Male,Data Coordiator
Antonino Persse,1997-12-23,325583.94,Male,Recruiter
Rem Vannah,2005-01-28,724526.89,Male,Software Engineer I
Cilka O'Cannan,1991-12-05,934880.55,Agender,Clinical Specialist
Ilse Slarke,2015-10-25,911164.29,Male,Community Outreach Specialist
Hastie Hobbing,2004-10-25,744239.86,Female,Budget/Accounting Analyst I
Vincents Bravington,2002-12-11,762689.06,Female,Statistician III
Brandise Mc Mechan,2013-02-26,677969.0,Male,Recruiting Manager
Laryssa Verrall,1998-08-28,780238.27,Male,Computer Systems Analyst II
Saul Watman,2018-03-13,875257.42,Male,Nurse Practicioner
Ludovico Realy,1995-11-03,782804.26,Male,Systems Administrator II
Hurleigh Mounter,2018-04-09,247894.16,Male,Graphic Designer
Madelle Gemnett,2012-01-25,630108.95,Male,Business Systems Development Analyst
Filberte Sheron,2020-02-17,715142.46,Female,Physical Therapy Assistant
Donetta Branford,2000-06-18,545055.46,Agender,Senior Cost Accountant
Bendix Guillot,2013-05-14,788368.95,Male,Recruiting Manager
Morganne Windle,2019-02-27,583467.0,Female,Computer Systems Analyst I
Selina Birtwisle,1992-11-17,635914.8,Male,Human Resources Assistant III
Ximenez Zavattieri,2021-10-31,955827.64,Female,Occupational Therapist
Tuesday Welberry,2017-06-22,353872.68,Female,Recruiting Manager
Torey Cleef,2001-02-26,89309.42,Male,General Manager
Powell Mitrikhin,2003-07-24,492301.84,Male,GIS Technical Architect
Tadeas Berzons,2019-06-12,821278.34,Female,Professor
Royal Abisetti,2006-05-09,241590.18,Female,Quality Engineer
Letti Watson-Brown,1994-06-02,582449.05,Male,Media Manager I
Desiri Coales,2003-07-27,780342.28,Male,Assistant Manager
Hewet Yarr,1991-08-27,289362.02,Male,Executive Secretary
Jinny Feilden,1996-09-14,148527.69,Male,Assistant Professor
Clayton Benzie,2011-05-08,39494.51,Genderfluid,Occupational Therapist
Rena Egell,2000-07-03,38408.77,Male,Desktop Support Technician
Ronni Iorizzi,2014-12-07,361410.02,Polygender,Health Coach III
Lise Cajkler,1998-03-26,159884.58,Female,Clinical Specialist
Cherin Billam,2015-01-17,200499.37,Male,Programmer IV
Cordelia Poulglais,2005-10-10,803543.14,Female,Recruiting Manager
Opaline Baggot,2011-10-22,421221.45,Female,Actuary
Bartolemo Noto,2004-07-13,845005.23,Female,Financial Advisor
Ignacius McKellar,2013-11-05,502191.72,Female,Marketing Manager
Priscella Dorian,2010-12-22,820907.64,Male,Editor
Nikolaus Sanderson,1991-04-21,60793.19,Female,VP Sales
Maurits Tatchell,2019-03-29,283780.73,Female,Software Engineer I
Vale Dobbie,2019-11-09,983656.24,Male,Software Consultant
Jolyn Boeck,2005-11-23,39263.63,Bigender,Tax Accountant
Rorie Herculeson,2005-01-02,605151.53,Female,Paralegal
Chester Pedden,2013-08-22,901711.0,Female,Nuclear Power Engineer
Noam Frankish,1991-05-27,545664.46,Male,Research Assistant II
Kermy Skaife d'Ingerthorpe,1992-09-06,912099.0,Female,Occupational Therapist
Mariya Wensley,2005-03-07,520490.57,Male,Senior Sales Associate
Cobby Nealon,1993-01-31,211834.08,Female,Quality Control Specialist
Oates Rannald,2003-01-31,101762.21,Male,Research Assistant IV
Othella Boness,2016-09-30,787174.12,Male,Financial Advisor
Minor Jeanes,1996-09-23,335664.37,Male,Account Coordinator
Berny Gres,2011-02-14,554346.06,Male,Senior Cost Accountant
Nady Chant,2002-09-14,451614.21,Male,Mechanical Systems Engineer
Franny Broxis,1998-09-20,261154.37,Male,Statistician II
Emile Belison,2011-06-10,751844.06,Female,Senior Sales Associate
Vincents Dionisii,2013-02-15,302131.31,Female,General Manager
Silvester Oxbury,2010-01-17,138960.61,Female,Health Coach I
Kris Cabrer,2001-03-22,536626.52,Female,Marketing Assistant
Ettore Skeemor,2007-09-23,394808.87,Female,Software Engineer I
Lucilia Penwell,1998-12-03,495059.88,Female,Chief Design Engineer
Lucian Haps,2015-05-07,539860.0,Male,Marketing Manager
Moses Slavin,2014-12-16,731965.67,Female,Social Worker
Jarrod Purple,1996-09-11,755717.2,Female,Account Representative I
Perrine Gedney,1992-10-04,310186.58,Male,Quality Control Specialist
Rockwell Tyrie,2009-09-19,114346.76,Female,Recruiter
Betteanne Few,2019-05-08,543455.02,Male,Desktop Support Technician
Delainey Domange,1994-07-04,925444.0,Female,Internal Auditor
Hurlee Sylvaine,1991-10-17,809705.88,Male,Operator
Hart Abramovitch,2019-04-10,84330.82,Male,Administrative Officer
Greta Sextie,1992-03-16,797069.53,Male,Administrative Officer
Vinni Orwin,2001-12-20,296992.0,Female,Financial Advisor
Orelee Matt,2005-04-24,299761.76,Female,Occupational Therapist
Hirsch Behnecke,2019-03-25,939573.65,Male,Community Outreach Specialist
Marijo Risbridge,2011-02-28,348547.48,Male,Senior Quality Engineer
Minta Antoniewski,2004-11-22,817476.58,Female,Staff Accountant IV
Magdalena Weinberg,1995-01-29,818213.95,Female,Media Manager III
Latrina Gier,1998-01-17,805797.68,Female,Physical Therapy Assistant
Kenyon Bazek,2003-04-18,819663.02,Non-binary,Programmer II
Darline MacNeely,2009-04-24,741487.64,Male,Mechanical Systems Engineer
Dacy Veitch,1994-12-23,391776.3,Female,Media Manager III
Martin Busain,2020-04-25,447748.63,Female,General Manager
Trstram Osman,1991-02-20,698904.68,Female,VP Product Management
Ky Tregidgo,2009-09-26,857615.26,Female,Human Resources Assistant I
Cosme Stoyell,2019-06-13,770806.35,Male,Office Assistant III
Garrard Misk,1997-04-06,88561.78,Bigender,Account Executive
Mirabella Lucock,2015-08-02,298988.02,Male,Teacher
Lorri Laville,2019-03-30,259651.36,Female,Geologist II
Heddie Hanretty,2016-06-23,245169.85,Male,Accountant III
Fredrika Niles,2004-03-19,858583.27,Male,Safety Technician I
Jerald Spawton,1996-04-13,745856.27,Female,Recruiting Manager
Christian Sumnall,1995-08-09,201328.91,Female,Associate Professor
Rycca Rudgard,2012-11-14,537769.0,Female,Recruiter
Leon Dameisele,1997-01-09,612497.45,Male,Community Outreach Specialist
Arlee Edgcumbe,1994-12-02,142940.0,Male,Research Associate
Etta Turpie,2005-08-09,702092.47,Genderfluid,Health Coach IV
Alicea Iron,2004-11-05,347350.95,Female,Developer IV
Dell Perkis,1992-11-05,497304.64,Female,Chief Design Engineer
Carlos Arpur,2006-08-21,284361.0,Male,Graphic Designer
Aron Attwooll,1999-12-20,751599.0,Female,Chief Design Engineer
Corabella Yeatman,1998-02-10,683906.28,Male,Electrical Engineer
Pietra O'Cahill,2003-10-27,996204.59,Polygender,Chemical Engineer
Efren Tilt,2005-09-06,659286.36,Male,Chief Design Engineer
Guthrey Gammett,2007-08-02,873009.07,Polygender,Mechanical Systems Engineer
Ellswerth Clemetts,2006-04-17,348802.82,Female,Actuary
Yvon McConigal,1993-08-29,590865.79,Female,Structural Engineer
Vale Roset,1993-07-17,847997.86,Male,Executive Secretary
Fionnula Serjeant,1992-07-02,68283.75,Female,Software Consultant
Alon Furness,1991-08-19,644183.78,Female,Recruiter
Swen Haylock,2001-12-02,785716.93,Female,Recruiter
Kris Massy,2001-12-07,253001.23,Male,Engineer III
Lise Swatheridge,2001-08-21,228552.95,Female,Paralegal
Federico Box,1999-09-06,482009.19,Male,Web Designer IV
Doralyn Benbow,2008-11-14,509502.29,Male,Civil Engineer
Tobie Jonathon,2001-05-04,561661.08,Female,Accountant II
Nikos Gerlack,1991-02-18,718783.11,Female,Budget/Accounting Analyst II
Dierdre Bennoe,2013-06-15,502750.38,Male,Help Desk Technician
Fernando Titheridge,1991-06-04,886503.16,Female,Speech Pathologist
Trip Winspire,2009-10-19,600724.0,Male,Electrical Engineer
Huntley Perllman,1993-07-03,904912.78,Male,Associate Professor
Shelba Blose,2017-10-12,643609.57,Female,Compensation Analyst
Cecily Mereweather,2014-12-29,527942.0,Male,Assistant Manager
Barbe Ughini,2005-11-07,209813.64,Male,Compensation Analyst
Dollie Faireclough,2008-07-15,661739.89,Female,Business Systems Development Analyst
Anneliese Wetheril,1999-05-31,60572.33,Male,Geological Engineer
Hedda Stangroom,2017-09-10,685497.63,Female,VP Sales
Shauna Kindon,2011-05-12,891654.21,Male,Pharmacist
Noella Wingeat,2020-05-06,772956.66,Female,Operator
Robbie Milius,2005-07-22,726866.81,Male,Senior Financial Analyst
Chariot Philippart,2014-12-21,308860.91,Non-binary,Safety Technician IV
Harry Bambrick,2015-12-18,73997.19,Female,Quality Control Specialist
Modesty Hekkert,2004-07-14,767043.64,Female,Staff Accountant I
Eileen Tagg,2006-02-25,379108.0,Male,Geological Engineer
Clair Braime,2022-01-18,955348.33,Male,Accounting Assistant I
Orbadiah Rene,2003-01-17,220988.4,Female,Senior Cost Accountant
Nelie Van Arsdale,2006-11-24,235876.36,Male,Teacher
Park Gorriessen,2010-06-23,292658.96,Male,Business Systems Development Analyst
Odie Quinton,2004-03-12,259626.42,Female,Pharmacist
Gilberte Lucken,2008-04-15,964439.56,Female,Structural Engineer
Elaina Vales,2001-03-04,313907.89,Male,Graphic Designer
Doloritas Gaitung,2021-09-29,190792.88,Male,Human Resources Manager
Georgeta Seaking,2016-07-20,601669.3,Male,Structural Analysis Engineer
Clevie Gaylor,2002-10-13,126131.19,Male,Automation Specialist IV
Hubert Lamblin,1997-11-05,579500.67,Bigender,Tax Accountant
Kelila Bagster,2008-02-16,791897.5,Female,Desktop Support Technician
Derwin Newe,2006-03-23,825537.91,Male,Help Desk Technician
Caria Vakhrushev,1997-09-04,804177.37,Female,Staff Scientist
Darbee Skiplorne,1993-12-27,128880.76,Female,Pharmacist
Worden Bick,1990-09-13,138512.51,Male,Junior Executive
Cory Deabill,2010-07-22,650250.56,Female,VP Marketing
Gilligan Chsteney,1996-02-04,988784.07,Male,Administrative Officer
Katleen Pendleberry,2006-01-03,533928.34,Female,Associate Professor
Suellen Evesque,2009-05-16,638097.13,Male,Media Manager I
Petronilla Sandifer,2003-02-11,114553.97,Female,Biostatistician III
Cris Grece,2002-06-30,188569.19,Female,Staff Scientist
Eartha Lalor,2021-10-12,71133.26,Female,Dental Hygienist
Roobbie Von Salzberg,2010-07-22,163672.28,Male,Food Chemist
Dewey Ropars,2008-05-17,143623.75,Genderqueer,Media Manager I
Maryrose Spolton,1996-03-17,112520.44,Male,Recruiting Manager
Cindelyn Witcomb,2011-02-14,871817.62,Female,Office Assistant II
Brittney Cleen,2001-03-29,662105.3,Female,Senior Financial Analyst
Jeremy Frangleton,1990-05-03,495973.86,Genderqueer,Data Coordiator
Grier Farnfield,2014-05-25,837600.07,Female,Web Designer II
Jonathan Boult,1995-04-03,353296.44,Male,Tax Accountant
Phillip Greschke,2002-11-11,76030.18,Male,Librarian
Ilaire Roja,2004-10-01,41875.77,Female,Junior Executive
Mirabella Juarez,2021-02-17,472320.21,Genderfluid,Accounting Assistant I
Dale MacPeake,1993-05-21,516590.68,Male,Marketing Manager
Nadean Blackall,1995-10-12,802934.35,Non-binary,Dental Hygienist
Margaretta Garbutt,2006-05-09,455173.43,Female,Administrative Officer
Roxana Kidson,2004-09-25,452912.18,Female,Nurse
Iosep Pelos,2016-01-20,893199.39,Female,Financial Analyst
Prudence Rummin,2004-03-30,510944.23,Female,VP Accounting
Kaitlyn Blunsen,1995-05-13,664584.79,Female,Editor
Colan Santon,2017-06-09,790109.78,Female,VP Accounting
Hazel Shasnan,2012-04-16,648591.82,Male,Paralegal
Hayden Pennycuick,2010-09-10,645883.26,Male,Database Administrator III
Kettie Cristoforo,2020-08-28,485903.65,Male,Analog Circuit Design manager
Cindi Cregin,1998-11-19,67386.48,Female,Accountant IV
Leshia Ashe,2020-07-07,75895.55,Male,Assistant Manager
Marleah Seegar,2014-12-27,517226.74,Female,Financial Analyst
Raychel Mell,1994-04-02,654705.98,Male,Dental Hygienist
Briny Kamall,2014-05-20,480767.16,Non-binary,Librarian
Johnathan Lutwidge,2002-01-19,498694.03,Male,Payment Adjustment Coordinator
Anton Boig,2007-02-24,631220.09,Male,General Manager
Diego Bisson,2019-09-07,136383.07,Male,GIS Technical Architect
Merna Alesi,2013-06-09,15842.05,Genderqueer,Developer II
Marga Juares,2012-07-15,233947.96,Male,Technical Writer
Cedric Sheward,2007-03-29,809161.17,Male,Software Engineer III
Jany Matts,2010-04-02,386608.05,Female,Biostatistician IV
Bonny Hatherley,2021-03-19,560821.35,Female,Food Chemist
Wynny Whall,1990-05-19,280646.26,Male,Analyst Programmer
Lucine Barkworth,2000-11-14,579805.78,Female,Pharmacist
Sallie Bilston,2006-09-28,373554.0,Female,General Manager
Mercy Gabbat,1995-01-21,221036.03,Female,Sales Associate
Jinny Gillebert,2012-10-14,645222.58,Male,Quality Engineer
Theadora Doby,2012-05-29,845145.96,Male,Occupational Therapist
Fiona Dinan,2021-05-03,809352.58,Bigender,Database Administrator III
Land Gierardi,2008-12-01,556835.72,Male,Administrative Assistant I
Quill Biskupski,2004-02-29,851158.93,Female,Associate Professor
Stavros Bougourd,2007-10-08,890113.8,Male,Librarian
Ardith Bottjer,2008-08-09,698194.0,Female,Registered Nurse
Thomasina Eke,2018-12-11,439215.87,Male,Nuclear Power Engineer
Donovan Cambridge,1993-08-25,232084.85,Genderqueer,Analyst Programmer
Gisela Le Cornu,1994-03-08,574282.17,Female,Sales Associate
Rikki Munt,1991-01-11,821059.11,Female,Assistant Media Planner
Adella Monkton,1997-03-02,257252.55,Non-binary,Administrative Assistant I
Rudiger Elham,2000-05-06,552133.48,Male,Human Resources Manager
Cherry Callan,2005-07-17,815512.51,Male,Sales Representative
Morley Rheaume,1994-08-30,886520.95,Female,Chemical Engineer
Lela Yankin,2021-03-27,198750.22,Female,Sales Associate
Cordie Antonelli,2014-01-23,139904.57,Female,Health Coach I
Wilmer Rowantree,2002-04-17,414125.16,Male,Senior Sales Associate
Magdalen Rigglesford,2014-10-01,184235.7,Male,Librarian
Erin Edgeson,2008-04-26,352855.72,Female,Staff Scientist
Emmalyn Tunn,1996-04-21,91457.93,Male,Senior Financial Analyst
Ginevra Bysouth,1998-03-29,873241.14,Female,Account Coordinator
Randolf Seviour,2014-11-17,50087.78,Male,Recruiter
Tripp Biffin,2001-04-14,114488.05,Female,Teacher
Don Lecordier,1998-09-07,707447.96,Female,Marketing Assistant
Rasia Goede,2017-06-09,542537.43,Female,Electrical Engineer
Cristin Matushevich,1990-09-10,249090.91,Female,GIS Technical Architect
Vanna Bourdice,2008-06-03,665293.88,Bigender,Community Outreach Specialist
Barret Verni,2003-10-27,124795.05,Male,Health Coach I
Matty Achromov,2012-12-28,410436.69,Female,Associate Professor
Hewett Crippell,2011-07-15,83809.16,Female,Desktop Support Technician
Sarah Ryves,2012-05-06,789800.18,Female,Account Representative III
Lind Tuley,1996-03-20,213443.31,Male,GIS Technical Architect
Dory Brownbill,2010-07-30,585216.2,Male,Geologist I
Freda Witham,2001-06-27,103568.81,Male,Actuary
Lin Troutbeck,1997-04-10,466329.79,Male,Web Designer III
Kaia Kellett,1998-02-27,524858.11,Female,Help Desk Operator
Hollie McAmish,1995-08-14,369544.52,Male,General Manager
Michael Durtnal,1996-02-01,272346.53,Polygender,Developer II
Jaimie Bocken,1996-11-18,663685.86,Male,Business Systems Development Analyst
Charles Sterke,1991-06-15,846061.48,Male,Quality Control Specialist
Marrilee Joiner,2001-03-14,969099.01,Female,Pharmacist
Belinda Bradder,2010-02-19,481344.36,Female,Compensation Analyst
Mela Kilsby,2008-03-08,101227.88,Female,Social Worker
Kaia Bellwood,1998-02-26,319689.38,Male,Quality Control Specialist
Casi Westby,2012-05-22,347041.97,Female,Information Systems Manager
Celisse Chapling,2020-10-30,86508.32,Male,Help Desk Technician
Gabriell Branscombe,1992-09-30,908397.72,Male,Marketing Assistant
Charline Hanniger,1991-07-31,408610.07,Male,Community Outreach Specialist
Gisele Capron,1994-06-23,265902.83,Male,Information Systems Manager
Ferdinande Bunworth,2003-12-08,997771.62,Male,Data Coordiator
Rozamond Olman,2016-06-27,311915.31,Male,Systems Administrator I
Nedda Mackley,2011-09-27,506669.18,Male,Sales Associate
Mahalia Garriock,1992-06-06,101977.61,Male,Sales Associate
Dottie Dufton,1999-09-29,767264.48,Male,Environmental Specialist
Rudd Feares,1995-12-06,726235.6,Female,Account Coordinator
Virgie Wingfield,2010-10-31,738121.9,Genderfluid,Software Test Engineer II
Terri Tuff,2009-05-14,317883.44,Male,Software Test Engineer III
Devina Pressland,1999-07-07,482709.24,Female,Computer Systems Analyst I
Chaim MacKartan,2005-08-26,318095.93,Female,Senior Quality Engineer
Kalie Corrin,1995-01-24,79577.33,Male,Help Desk Technician
Jasmin Vaggs,2005-06-17,745168.9,Male,Administrative Officer
Ashla Palfreeman,1998-05-06,80438.94,Male,Automation Specialist IV
Des Sepey,2020-08-15,711466.36,Female,Account Representative II
Avery Lissandre,1992-10-02,851821.24,Male,Systems Administrator II
Ashlin Boggs,2002-02-13,951638.0,Male,Health Coach IV
Josie Eyckel,1995-07-14,965792.97,Male,Staff Accountant III
Maddy Philcott,2012-09-27,374380.13,Male,Clinical Specialist
Marylynne Felmingham,1990-11-04,302176.43,Female,Nurse Practicioner
Danica Beedon,1997-10-06,57697.3,Male,Clinical Specialist
Papageno Seeking,2002-12-05,736846.27,Male,Associate Professor
Brennen Klimontovich,1993-12-26,297823.01,Female,VP Marketing
Logan Clow,2010-10-01,786095.2,Female,VP Sales
Drucill Weare,2007-10-22,510111.85,Male,Occupational Therapist
Nadia Hanscome,1995-12-19,32585.0,Female,Clinical Specialist
Benedicta Venney,1995-05-23,281172.6,Male,Operator
Suzy Norkett,2000-01-02,315695.18,Male,Systems Administrator IV
Ari Reedman,2003-03-18,218273.86,Male,Speech Pathologist
Annalee Sapena,1997-02-07,314775.95,Female,Research Nurse
Rickard Tams,2016-07-19,96785.99,Male,Occupational Therapist
Andromache Creaser,2014-12-23,772371.38,Female,Environmental Tech
Ferdie McCreary,1995-01-28,943523.73,Female,Professor
Pancho Elvin,2016-07-25,445214.1,Female,Junior Executive
Bamby Grundwater,2018-02-04,14513.62,Male,Nurse Practicioner
Vale Vallender,1997-09-06,473779.0,Female,Tax Accountant
Paige Dow,2020-04-15,984197.09,Female,Librarian
Massimo Tythacott,1998-10-19,14957.13,Female,Food Chemist
Tuesday Fendlow,2010-06-25,694861.5,Female,Web Developer I
Linea Kleinzweig,2017-04-03,973951.57,Female,Office Assistant IV
Theresita Lempertz,2002-09-27,74910.43,Female,Geologist III
Cobb Clerke,2019-04-25,325163.5,Bigender,Staff Scientist
Randolph Stivani,1991-07-03,370980.93,Male,Computer Systems Analyst II
Elisa Dockwray,2006-04-02,933428.36,Male,Paralegal
Westbrooke Harly,2020-06-25,98540.21,Female,Food Chemist
Cordy Roggeman,2016-05-31,776075.27,Female,Accounting Assistant III
Josselyn Deek,2020-12-18,23869.37,Male,Junior Executive
Jennica Dupoy,2001-10-20,4398.28,Female,Financial Advisor
Erskine Challice,2012-11-20,343401.09,Female,Geological Engineer
Jacquelyn Besemer,2018-07-21,519335.71,Female,Electrical Engineer
Maurie Spreadbury,2011-02-18,569713.97,Female,Civil Engineer
Desiree De Banke,2000-01-02,890617.77,Male,Developer I
Charline Howie,2008-06-01,101634.53,Polygender,Web Designer I
Adiana Prester,2006-07-05,960269.11,Female,Graphic Designer
Carlynn McGreal,2006-09-25,651945.93,Female,Civil Engineer
Maitilde Mullis,2004-04-17,815156.49,Male,Quality Control Specialist
Gabriello Bellward,1998-06-07,572631.83,Female,Technical Writer
Chance Wickey,2006-07-21,332021.14,Male,Media Manager I
Tamra Heiden,1997-09-03,44805.78,Male,Analog Circuit Design manager
Leesa Soeiro,2012-06-26,418532.51,Female,Actuary
Etheline Chipps,2014-03-17,947353.28,Genderfluid,Product Engineer
Valli Clibbery,2020-04-23,650543.18,Agender,Registered Nurse
Agatha O'Bradain,1996-12-19,702779.7,Female,Budget/Accounting Analyst III
Gasparo O'Mannion,2006-05-28,455855.74,Female,Research Associate
Danyelle Mazzeo,2016-08-22,593542.24,Male,Office Assistant IV
Paquito Bussen,1992-05-30,263060.23,Female,Software Consultant
Aylmer Tonge,2020-02-21,96498.29,Male,Operator
Moise Tolland,2007-01-26,258385.71,Female,Systems Administrator IV
Lilyan McLeman,1992-04-27,323033.32,Male,Account Coordinator
Mandie Feveryear,2021-03-06,676448.36,Male,Assistant Manager
Averil Plaschke,2012-05-25,757238.26,Male,Safety Technician IV
Burk Hitzmann,2021-02-23,937693.86,Male,Legal Assistant
Lula Ubank,2002-03-01,63281.5,Female,Electrical Engineer
Barnabas Basill,1992-05-07,152352.47,Male,Assistant Manager
Yvette Chater,1993-03-24,639882.77,Female,Product Engineer
Lyndy Richardeau,2018-04-20,535027.53,Male,Senior Cost Accountant
Bernadina Wickey,2009-05-13,473502.14,Male,Food Chemist
Malanie McKennan,2021-09-12,229322.43,Male,Accounting Assistant IV
Chancey Bradnam,1991-09-07,328277.91,Male,VP Accounting
Cele Alkin,2006-11-23,252500.85,Male,Media Manager III
Morris Barensky,2001-02-09,328390.16,Female,Systems Administrator IV
Jayme Micco,1993-06-29,139216.24,Female,Automation Specialist I
Quinton Harvey,2020-12-28,331465.91,Female,VP Quality Control
Emelda Bayldon,1993-06-19,336753.81,Female,Executive Secretary
Rozina Loachhead,2011-07-04,77295.13,Female,Web Designer II
Dorry MacGibbon,2000-06-04,909103.32,Male,Database Administrator I
Ninon Gidley,1999-10-10,811140.79,Male,Electrical Engineer
Claiborne Tiller,2017-07-08,18941.98,Male,Data Coordiator
Mimi Dorr,2019-01-06,276576.48,Female,Civil Engineer
Donall Buckler,2009-10-03,268821.0,Male,Pharmacist
Dionysus Foulgham,2021-01-17,380292.21,Female,Automation Specialist II
Ange Scade,2008-08-04,590903.58,Polygender,General Manager
Simonette Bomfield,2011-12-08,587433.86,Male,Developer I
Gertrude Meeking,2001-01-03,211146.48,Female,Accounting Assistant II
Prue Beefon,2013-07-29,814561.36,Female,Financial Advisor
Estel Scneider,1995-09-18,437593.91,Male,Sales Associate
Jennie Wakeford,1991-01-13,252552.68,Female,Systems Administrator III
Aridatha Johannesson,2002-10-02,343388.57,Agender,VP Sales
Priscella Oxberry,2003-07-03,510385.83,Female,Structural Engineer
Livy Cove,1996-01-18,982029.8,Male,VP Quality Control
Elana Elger,2007-12-18,133316.23,Female,Systems Administrator IV
Abigael Haughin,1990-12-24,627817.14,Male,Teacher
Marieann Bruneton,1997-05-15,329759.72,Female,General Manager
Carey Wilmington,2005-10-08,334635.26,Male,Senior Quality Engineer
Cammi Pounsett,1996-02-16,339630.13,Male,Recruiter
Kliment Woolstenholmes,2005-03-12,963033.62,Female,Software Engineer II
Kippy Simson,2012-05-20,809681.43,Male,Senior Sales Associate
Alwyn Sharnock,2006-12-06,371514.18,Male,Social Worker
Flory Hammerson,2010-11-13,948071.03,Female,Human Resources Manager
Charley Rabat,2002-12-18,380911.56,Female,Accounting Assistant II
Nikos Weatherhogg,2014-12-27,740916.98,Female,Registered Nurse
Valentine McIlvaney,1992-12-21,85185.73,Male,Chemical Engineer
Winston Grigoroni,1995-04-15,11593.2,Female,Assistant Manager
Shelton Dumini,2003-10-19,68215.55,Male,Tax Accountant
Cassy Wallsworth,2018-11-19,284937.0,Male,Paralegal
Noella Wheelband,2004-05-25,149119.04,Male,Dental Hygienist
Tulley Bluck,2013-04-07,970369.33,Male,Budget/Accounting Analyst III
Rebekah Nuscha,2000-08-11,502338.49,Male,Financial Advisor
Bernadine Scholer,2006-04-05,555264.37,Male,Staff Scientist
Bartel Emmott,2013-05-06,714097.52,Male,Professor
Hedwig Paik,2008-01-10,660560.83,Female,Professor
Alan Binder,2011-12-03,569763.33,Male,Payment Adjustment Coordinator
Marc Blaszczak,2002-10-26,771158.22,Male,VP Quality Control
Shea Blanchette,2000-01-31,414760.89,Male,Executive Secretary
Aurea Raitie,2019-10-28,292353.61,Male,Programmer II
Gayle Shirrell,2006-04-01,254226.36,Female,Analog Circuit Design manager
Mireielle Reimer,2020-01-31,409058.44,Female,Senior Cost Accountant
D'arcy Schwanden,2000-01-07,975659.73,Female,Internal Auditor
Mireille Esslement,2000-04-25,72239.97,Female,Account Executive
Nona Toma,1997-05-14,464431.28,Female,Sales Representative
Rowen Kenzie,2003-08-07,61530.17,Female,Research Nurse
Cindie Gindghill,2002-07-11,34650.93,Male,Research Assistant I
Annalise Romanetti,1992-01-06,747506.37,Female,Compensation Analyst
Aloysius Egdal,2001-07-29,337614.72,Male,Statistician II
Noe Orts,2018-12-30,656217.1,Male,Information Systems Manager
Elsie Jeremiah,1991-03-17,260533.12,Female,Teacher
Lorrin Paulig,1997-08-27,354227.34,Female,Nurse
Jennica Chippindall,2012-11-04,137232.04,Female,Actuary
Benita Royan,2014-07-02,547944.53,Male,Senior Developer
Raddie Foxhall,1999-04-09,479108.18,Male,Analyst Programmer
Thadeus Kummerlowe,2000-04-18,985990.15,Female,Research Associate
Teena Karpman,2021-11-14,649477.91,Female,Help Desk Operator
Monte Nicolls,1996-11-27,982131.23,Polygender,VP Quality Control
Claus Axtell,2010-08-16,306979.85,Male,Nurse
Federica Fearick,1992-07-01,154243.87,Male,Account Representative II
Esteban Joy,2019-11-03,4988.44,Male,Structural Analysis Engineer
Nerty Streetley,2005-06-12,586383.78,Female,Senior Developer
Arlen Penas,2013-07-02,413681.39,Female,Geologist I
Maurene Sawdy,1994-04-23,437315.54,Female,Clinical Specialist
Hinze Kacheler,1992-08-10,204101.33,Female,Tax Accountant
Colby De Witt,2008-03-28,176478.77,Male,Human Resources Assistant II
Claudine Crutcher,2018-10-07,883295.39,Female,Dental Hygienist
Carolyn Botterman,2002-11-11,78680.68,Male,Engineer III
Cosetta Haldon,2017-02-06,677265.65,Male,Statistician III
Tobi Winscom,2014-09-21,288512.29,Genderqueer,Financial Analyst
Felizio Earwicker,2011-12-30,799101.68,Female,Help Desk Technician
Jazmin Berendsen,2000-11-29,641447.11,Male,Marketing Assistant
Brandi Topper,2002-05-31,330952.41,Female,Cost Accountant
Lauretta Gerhold,1994-05-17,268081.18,Female,Software Engineer I
Galvin Keaves,2002-04-21,319939.5,Female,Geological Engineer
Yolanda Olensby,1999-05-08,910061.36,Male,Legal Assistant
Duff Patrick,2003-06-15,43976.16,Male,Technical Writer
Idelle Aguilar,1992-07-18,104155.35,Polygender,Pharmacist
Patrick Weeden,1990-10-02,958123.75,Male,Sales Representative
Fredi Meadway,1992-04-22,31115.07,Female,Librarian
Arlinda Hargraves,2007-12-12,803093.11,Female,Cost Accountant
Brendin Raynor,2016-10-08,343031.83,Female,Internal Auditor
Rosina Wenman,2005-07-15,394559.97,Male,Graphic Designer
Alley Minghetti,1993-07-10,652199.09,Non-binary,Programmer Analyst I
Brunhilda Jeandillou,2021-03-18,379071.0,Female,Nurse
Clary Johnsey,2019-07-14,660823.74,Male,Analog Circuit Design manager
Carilyn Measor,1999-10-09,175233.08,Female,Civil Engineer
Melony Gouch,1991-09-17,765819.0,Female,Engineer IV
Charmane Handasyde,2019-12-12,308311.53,Male,Software Test Engineer I
Murielle Gemeau,1990-06-10,705335.42,Genderqueer,VP Product Management
Ogdon Tallon,2021-08-27,521796.18,Female,Occupational Therapist
Ralf Hullah,1994-06-16,747952.11,Male,Legal Assistant
Bertina Boler,2020-05-28,671311.43,Male,Associate Professor
Ephrem Oselton,2002-09-14,27352.29,Male,Nurse
Lainey Keitch,1997-07-20,189304.72,Female,Chief Design Engineer
Chauncey Willowby,2008-12-06,50793.99,Male,Marketing Manager
Garner Blaydon,2015-08-29,49769.87,Female,Teacher
Ezekiel Cardinale,1994-06-16,686098.63,Male,Administrative Officer
Tybie Mizzi,2019-11-17,849319.93,Male,Director of Sales
Goldie Lummus,2013-12-19,984720.71,Female,Financial Analyst
Kimberley Pawnsford,2017-01-09,308379.94,Male,Compensation Analyst
Amata Ranshaw,1996-06-20,773485.94,Male,Database Administrator I
Yelena Furney,2020-09-18,759760.93,Male,Staff Accountant II
Lyell Sayre,2009-09-02,962145.48,Male,VP Accounting
Irma Bedrosian,2020-12-25,67998.92,Male,General Manager
Nonna Jest,2003-01-18,558302.25,Female,Statistician II
Felike Rydings,2015-08-30,395513.19,Female,Accounting Assistant III
Rozanna Itzhak,1993-04-04,791900.7,Male,VP Sales
Bobbi Friedenbach,2007-12-10,801543.38,Male,Database Administrator IV
Suzi McAnalley,2006-06-16,860929.87,Female,Research Nurse
Winfred Rallinshaw,2016-08-18,888397.29,Genderqueer,Sales Representative
Hedvig Rawdall,2012-11-09,121821.44,Male,Software Consultant
Benton Denham,2004-01-25,513352.32,Female,Data Coordiator
Pamelina Grendon,1995-05-28,964296.13,Female,Office Assistant IV
Beth Ledes,2017-12-16,407030.62,Male,Nurse Practicioner
Modesty O' Finan,2000-08-18,45968.04,Male,Editor
Horatia Tine,2004-02-22,828371.97,Female,Legal Assistant
Kelcy Webber,2010-07-22,694100.48,Genderqueer,Computer Systems Analyst I
Celia Learmond,2001-10-09,973359.0,Female,Office Assistant IV
Lucian Burlingham,2007-04-25,125430.31,Male,Software Engineer II
Kathye Appleyard,2002-02-02,355072.72,Female,Health Coach III
Deeann Bann,2014-02-09,728495.73,Female,Web Designer II
Natty Ferber,2011-01-09,637562.47,Male,Dental Hygienist
Hilly Gerlack,1999-12-16,434173.85,Male,Food Chemist
Gerti Gyurko,2012-06-26,540664.2,Genderfluid,Systems Administrator I
Albert Sigart,2006-09-01,780671.54,Female,Operator
Horten Robroe,1993-03-10,767761.65,Male,Accountant III
Kip Gibling,2001-08-07,590135.72,Male,Social Worker
Bonnibelle Goodliff,2007-07-13,667401.91,Female,Software Engineer IV
Boothe Fever,1996-02-27,763593.77,Female,Social Worker
Meyer Rodger,1991-10-05,148821.91,Female,Desktop Support Technician
Aida Heimann,2008-06-12,892292.18,Female,Compensation Analyst
Dorena Wannop,2012-11-15,871829.05,Male,Pharmacist
Cross Shaddick,2006-07-29,239623.16,Male,Software Test Engineer I
Ines Gencke,2020-07-02,896018.59,Male,Editor
Evaleen Bigadike,2004-07-03,967588.98,Male,Business Systems Development Analyst
Caprice Locker,1990-08-03,442036.93,Female,Information Systems Manager
Glennie Oxenbury,1994-02-10,615695.74,Female,Payment Adjustment Coordinator
Lucille Carbin,2014-04-05,369069.18,Genderqueer,Internal Auditor
Kinna Semrad,1991-03-05,381033.23,Male,Senior Editor
Mirelle Crew,2012-02-22,302884.2,Female,Junior Executive
Ashil Grube,1995-07-22,60110.5,Female,GIS Technical Architect
Jecho Linnock,2022-02-14,481699.84,Female,Clinical Specialist
Ally Gladbach,2007-12-17,352917.95,Female,Tax Accountant
Consalve MacCarter,1994-05-20,778926.57,Male,Marketing Manager
Terri Harmer,2014-07-21,86071.13,Male,Editor
Forster Slater,2000-08-28,395808.95,Female,General Manager
Bessy Cooley,1998-04-27,424518.0,Female,Programmer II
Coretta Merioth,1996-09-05,941893.77,Female,Chemical Engineer
Sharona Sandeland,1998-08-17,449771.21,Agender,Senior Developer
Clyde Krzyzowski,2003-05-24,813532.69,Female,Payment Adjustment Coordinator
Iggie Sante,1997-08-21,400470.32,Polygender,Editor
Charmine Toopin,2021-05-14,275183.0,Female,Help Desk Operator
Charity Apps,2021-02-02,346592.62,Male,Accounting Assistant II
Brande Gummery,2012-09-18,324688.8,Male,Recruiting Manager
Kori Rosoni,2007-06-28,771243.67,Female,Media Manager I
Berty Balassa,2006-06-22,113335.85,Male,Research Assistant IV
Travis Norley,2002-09-08,190765.85,Female,Health Coach III
Fredek Burchess,1991-08-15,627756.13,Male,Administrative Officer
Franky Gluyas,2019-02-06,750611.28,Female,Graphic Designer
Jo-ann Aldhous,1999-08-23,571649.03,Female,Account Representative III
Tomaso Cesconi,1999-07-17,646086.48,Male,Health Coach I
Hedwig Caskie,2005-12-14,96478.16,Female,Software Consultant
Flossie Chatband,1993-10-04,536396.0,Male,Analog Circuit Design manager
Tucky Scardefield,2014-12-25,258240.61,Female,Graphic Designer
Tito Muddimer,2018-10-16,999794.61,Male,Payment Adjustment Coordinator
Ebeneser O'Cleary,2003-02-25,199150.5,Male,GIS Technical Architect
Tobe Cubuzzi,1998-11-07,383573.38,Male,Senior Developer
Orelee Newis,2010-09-03,767250.89,Female,Junior Executive
Carmelina Buckleigh,1994-02-18,813113.21,Female,Web Developer III
Kevon Ousley,1991-02-26,298815.93,Female,Budget/Accounting Analyst IV
Sheba Scattergood,2017-09-29,276152.51,Male,Accountant I
Leandra Adair,1994-11-09,303676.24,Female,Administrative Officer
Courtnay Capponer,2014-07-23,602726.58,Male,Account Executive
Evyn Quig,2003-06-04,259442.86,Female,Assistant Media Planner
Shelba Danjoie,1990-06-20,487966.31,Male,Recruiting Manager
Reba Shore,2007-04-16,523852.52,Female,Nuclear Power Engineer
Mirelle Ridwood,2015-09-03,262456.5,Female,Sales Representative
Alleyn Fraanchyonok,2020-01-10,341680.93,Female,Recruiting Manager
Lishe Pawelec,2004-11-29,735294.27,Female,Clinical Specialist
Katti Rowden,1999-04-06,49530.37,Bigender,Human Resources Manager
Eda Londing,2021-05-02,54213.07,Agender,Chemical Engineer
Alden Zellick,1998-01-14,282614.51,Polygender,Recruiter
Alex Erb,1995-07-16,819599.6,Female,Senior Sales Associate
Willyt Spinella,1996-02-25,150320.23,Male,Geologist IV
Lianne Hundley,2016-06-18,754157.0,Bigender,Geologist IV
Agata Arnaez,2019-03-27,126938.14,Male,Financial Advisor
Wittie Eyers,2005-05-27,786443.93,Female,Safety Technician II
Erwin Winterscale,1996-01-06,501262.07,Female,Budget/Accounting Analyst II
Eddie Gateman,1990-12-09,466497.23,Male,Software Consultant
Valli Littler,1993-04-24,430747.49,Male,Occupational Therapist
Hallsy Pleasaunce,1994-11-10,994394.22,Female,Speech Pathologist
Cori Phillot,2005-04-07,820188.71,Male,Geologist II
Adamo De Banke,1999-02-25,708097.67,Female,Chemical Engineer
Deny Pollicott,2005-04-16,703143.34,Female,Dental Hygienist
William Laboune,1997-05-08,605692.85,Male,Health Coach II
Wilek Filppetti,2005-03-10,16894.2,Female,Sales Associate
Witty Guilliland,1998-07-05,317205.14,Male,Research Assistant IV
Anissa Izard,2009-05-02,467559.35,Non-binary,Graphic Designer
Joline Urquhart,2003-06-15,837976.82,Female,Software Consultant
Aaren McCome,1992-08-10,921819.75,Male,Quality Engineer
Merell Risby,2007-08-02,651608.84,Female,Structural Analysis Engineer
Christiane Knott,2009-02-05,179243.81,Female,Paralegal
Charis Huge,1995-02-23,767963.42,Male,Marketing Assistant
Xerxes Booij,2014-09-18,356926.59,Female,Accounting Assistant II
Raye Antonoyev,2018-09-27,867057.68,Male,Statistician IV
Orrin Emblow,1990-06-23,732196.0,Female,Geologist IV
Shela Mitchinson,2002-04-11,219389.71,Male,Environmental Tech
Siegfried Mannion,2008-08-12,619139.81,Female,Account Coordinator
Chicky Blackah,2001-01-06,510471.15,Male,Graphic Designer
Atalanta Kleuer,2015-09-04,342516.17,Male,Analog Circuit Design manager
Dotti Laviss,2021-07-27,620823.86,Female,Desktop Support Technician
Jannelle Lorimer,2020-11-28,892736.0,Genderqueer,Account Representative I
Noellyn Whatson,1992-07-06,182374.12,Female,Senior Sales Associate
Stinky Wheatley,2013-02-01,590620.13,Female,Analog Circuit Design manager
Marquita Barwell,1995-10-15,741364.45,Male,Director of Sales
Konstantin Alyutin,2005-02-19,209426.48,Non-binary,Data Coordiator
Becky Siggers,1995-08-22,299953.92,Bigender,Project Manager
Caddric Worley,1999-02-20,190245.05,Male,Financial Advisor
Coralie Stroband,1999-10-21,715233.72,Male,Human Resources Manager
Jonathon Veldens,2013-04-16,146050.92,Female,VP Accounting
Carrol Delgardillo,2011-06-14,22006.16,Male,Clinical Specialist
Nicko Mandrake,2017-05-10,199871.3,Female,Product Engineer
Kora Scudamore,1992-03-23,721860.13,Female,Librarian
Traver Wyre,2007-02-18,387489.0,Male,Business Systems Development Analyst
Marlene Cockley,2000-07-16,832680.18,Polygender,Human Resources Assistant IV
Jeffrey Claasen,2014-08-08,163080.28,Female,Senior Developer
Lanny Braime,2006-04-17,934820.81,Male,Safety Technician I
Lucille Jerzyk,2015-02-11,713126.76,Male,VP Quality Control
Hali Durie,2000-11-15,537819.71,Female,Associate Professor
Maisie Glyne,2007-09-15,826998.93,Male,Structural Engineer
Sashenka Southcoat,2011-02-09,68505.95,Female,Product Engineer
Demetris Billings,2006-07-19,647815.2,Male,Programmer Analyst III
Frants Rosenhaus,2007-08-16,107743.47,Female,Marketing Assistant
Berke MacNeely,2003-08-01,490854.95,Male,Nurse Practicioner
Milka Brandon,2011-03-17,305630.32,Male,Software Test Engineer II
Creight Symcox,2006-08-10,646265.17,Male,Associate Professor
Melva Lortzing,1991-06-16,580073.29,Male,Senior Cost Accountant
Damon Feldmark,2001-11-18,521318.55,Male,Sales Associate
Bartholomeus Iacovino,2016-07-18,969661.1,Female,Environmental Specialist
Mitzi Itzkovici,2009-12-28,900215.12,Female,Account Executive
Alissa Ramel,2003-06-27,27988.73,Male,Software Consultant
Arlen Conwell,1997-09-20,145898.25,Female,Assistant Manager
Perrine Hamal,2002-01-07,355225.93,Female,Environmental Tech
Pembroke Schinetti,1996-03-23,463748.68,Female,General Manager
Mireielle Weare,1991-05-28,32523.54,Male,Social Worker
Beverlie Goggen,2008-06-04,22527.79,Male,Dental Hygienist
Shannah Letts,1992-12-22,626603.17,Male,Tax Accountant
Nappy Constantinou,2020-03-19,619347.67,Female,Senior Editor
Enrique Nutley,2017-03-25,43343.93,Male,Graphic Designer
Brear Lude,2007-01-09,580279.0,Female,Actuary
Natty Dunton,1990-11-06,575927.07,Male,Occupational Therapist
Marthena Beeze,1999-11-03,309747.43,Genderfluid,Legal Assistant
Kaile Lettice,2005-03-20,902216.27,Male,Media Manager I
Edyth Nixon,2020-06-22,425715.53,Male,Data Coordiator
Stacie Luckie,2015-12-29,589360.57,Male,Social Worker
Cathi Beagles,1998-11-03,12514.97,Female,Desktop Support Technician
Galvan Josefson,1992-07-18,442451.74,Polygender,Developer I
Gualterio Stitson,1997-09-06,643858.37,Female,Safety Technician IV
Eddy Lettley,2001-05-15,499499.69,Agender,Financial Analyst
Carlee Di Roberto,2007-03-27,617382.12,Female,Cost Accountant
Roseline Nuth,1992-08-25,596414.1,Female,Research Nurse
Lucky Trighton,2014-10-01,726766.52,Female,Chemical Engineer
Corbet Pridgeon,2019-08-13,510851.68,Male,Staff Scientist
Frasier Cestard,2002-07-03,86849.41,Male,Electrical Engineer
Nicolea Philipp,2020-11-20,23308.08,Male,VP Marketing
Alison Deaves,2008-01-29,440808.63,Female,Assistant Professor
Bili Loder,2009-07-19,748308.79,Male,Senior Sales Associate
Alessandro Molloy,1993-11-21,436893.23,Male,Recruiter
Gran Wildbore,2010-11-08,572639.66,Female,Environmental Tech
Aland Conahy,2013-03-24,2684.99,Male,Senior Editor
Donaugh Depke,1996-06-07,55457.29,Genderfluid,Registered Nurse
Rossie Oldall,2013-02-27,434803.99,Female,Research Associate
Wilek Peasee,2020-08-28,664744.06,Female,Account Coordinator
